"comment_id","comment_text","likes","replies","username","username_md5","user_channel","date","url","video_id","replies_value","load_replies","replies_without_names","num_of_comments","sort_by","user_id","timestamp","input"
"UgyrTM0cWwT-eXlTeMl4AaABAg","ü§î Have you made any of these mistakes with your gaming laptop? ü§î
üíµ Save money on your next gaming laptop with our daily deals: https://gaminglaptop.deals üíµ
üëâCheck out my top 9 gaming laptops hacks in 2 minutes next! https://youtu.be/CMs2U3h7_FU üëà

LOTS of comments saying ""just get a pc lol it's faster"" as the video has been suggested out to a much larger audience than usual. A few things: Firstly, an RTX 3060 desktop is only like 8% faster than a laptop for similar money: https://www.youtube.com/watch?v=S1sCLpkOkhY Secondly, not everyone just sits at home, some people need portability, and even if the device is only used at home not everyone has space to maintain a dedicated area for a full on PC setup, or the money to have both a PC and cheaper laptop. Thirdly, why are you clicking on a video with laptops in the thumbnail if this is what you think? lol",1400,68,"@JarrodsTech","25e5028101b5c8fe1bce2a1a7e2ed3b6","https://www.youtube.com/@JarrodsTech","3 years ago (edited)","https://www.youtube.com/watch?v=lE-VKc2R9L4","lE-VKc2R9L4",,,,,,"UC2Rzju32yQPkQ7oIhmeuLwg","2025-02-24T06:13:41.929Z","{""url"":""https://www.youtube.com/watch?v=lE-VKc2R9L4"",""num_of_comments"":100,""sort_by"":""Top comments""}"
"Ugx6amM-6KidYdSB8Wd4AaABAg","1.not cleaning
2.laptop placement
3.gaming on battery
4.not opening with care
5.not updating
6.not using dual channel memory
7.gaming with optimus (integrated gpu)
8.buying new too often
9.performance tuning
10. uhhhh",12000,87,"@mdanialmk9786","962c2a31b5272f58f0425ae2bb952930","https://www.youtube.com/@mdanialmk9786","3 years ago","https://www.youtube.com/watch?v=lE-VKc2R9L4","lE-VKc2R9L4",,,,,,"UC6ZyFA7wxi0nTH0UBcbgcwg","2025-02-24T06:13:41.929Z","{""url"":""https://www.youtube.com/watch?v=lE-VKc2R9L4"",""num_of_comments"":100,""sort_by"":""Top comments""}"
"UgyPPWYa_vQYRWGRRoR4AaABAg","Me : So this is why I can't run AAA games on my laptop!

My 4 year old laptop with iGPU : No, it's not.",1400,12,"@gibingeorge3352","104a66800d982d89f38839fca99bf397","https://www.youtube.com/@gibingeorge3352","3 years ago","https://www.youtube.com/watch?v=lE-VKc2R9L4","lE-VKc2R9L4",,,,,,"UCB3fnxH4WqE-n8m0njC2Djw","2025-02-24T06:13:41.929Z","{""url"":""https://www.youtube.com/watch?v=lE-VKc2R9L4"",""num_of_comments"":100,""sort_by"":""Top comments""}"
"UgwKNcasi2nQctcGdgJ4AaABAg","The 10th Tip is the BEST i have to say! xD",4200,66,"@istvanmester","1e47c5c6137693d3a6af6d7000e7dfef","https://www.youtube.com/@istvanmester","3 years ago","https://www.youtube.com/watch?v=lE-VKc2R9L4","lE-VKc2R9L4",,,,,,"UCwZeC2OibCxtZsuQhHuqChQ","2025-02-24T06:13:41.929Z","{""url"":""https://www.youtube.com/watch?v=lE-VKc2R9L4"",""num_of_comments"":100,""sort_by"":""Top comments""}"
"UgyJbMijrzR9dohjErl4AaABAg","Number 10 is a fantastic tip.  I also found that rigorously shaking the laptop helps as well when the download appears to stall. Just like a salt shaker when it gets clogged. Works a treat.",678,10,"@greyroo","40cd4954f88273305556f4936fd257b3","https://www.youtube.com/@greyroo","1 year ago","https://www.youtube.com/watch?v=lE-VKc2R9L4","lE-VKc2R9L4",,,,,,"UCl0O8uxXrNP567NnLzk05YA","2025-02-24T06:13:41.929Z","{""url"":""https://www.youtube.com/watch?v=lE-VKc2R9L4"",""num_of_comments"":100,""sort_by"":""Top comments""}"
"UgzOOcj5pEDHpt8x6Nt4AaABAg","I cant stress how important it is to clean your laptop.  Take your time to learn how to slowly open to back of it to get the dust out. Then slowly again take your time to learn how to remove/replace fans and clean them. And again slowly learn how to change your thermal paste. It's not as hard as you think you just need the right tools to unscrew a few screws here and there.",2200,54,"@jsmusicist","7161d1a4f8d5ed29b81a7929808ade4c","https://www.youtube.com/@jsmusicist","3 years ago","https://www.youtube.com/watch?v=lE-VKc2R9L4","lE-VKc2R9L4",,,,,,"UCoQmAMxt_ERVevoLFelMCDg","2025-02-24T06:13:41.929Z","{""url"":""https://www.youtube.com/watch?v=lE-VKc2R9L4"",""num_of_comments"":100,""sort_by"":""Top comments""}"
"UgxFviXg7Qh-QPn9Zbx4AaABAg","Mistake #11: Not utilizing the rgb rainbow puke lighting to increase fps.",3100,17,"@rockerzstarz","0b81b65c20432dda6bae09c77a518cf8","https://www.youtube.com/@rockerzstarz","3 years ago","https://www.youtube.com/watch?v=lE-VKc2R9L4","lE-VKc2R9L4",,,,,,"UCyQ8es6xsdq9LOhg98xy57Q","2025-02-24T06:13:41.929Z","{""url"":""https://www.youtube.com/watch?v=lE-VKc2R9L4"",""num_of_comments"":100,""sort_by"":""Top comments""}"
"Ugxe4obi6K6O03cdYuJ4AaABAg","Mistake 11: Not buying a gaming laptop with RGB Keyboards",12000,308,"@darkmaster2899","af51924c35743ef8adc1003e54460959","https://www.youtube.com/@darkmaster2899","3 years ago","https://www.youtube.com/watch?v=lE-VKc2R9L4","lE-VKc2R9L4",,,,,,"UCZ5UH1VWDtHmwVfhHTA_m5A","2025-02-24T06:13:41.929Z","{""url"":""https://www.youtube.com/watch?v=lE-VKc2R9L4"",""num_of_comments"":100,""sort_by"":""Top comments""}"
"UgwF00OCdfjaoOORN2l4AaABAg","""I've seen people body slam their laptops and act surprised when its broken"". As someone who struggled hard and long to get my dream laptop, this enrages me",64,1,"@damienwong2742","b316f28612b6a0c4fa041f92b4520736","https://www.youtube.com/@damienwong2742","2 years ago (edited)","https://www.youtube.com/watch?v=lE-VKc2R9L4","lE-VKc2R9L4",,,,,,"UCbBm_qT0FSIlLpnATiOr1KQ","2025-02-24T06:13:41.929Z","{""url"":""https://www.youtube.com/watch?v=lE-VKc2R9L4"",""num_of_comments"":100,""sort_by"":""Top comments""}"
"UgwxMHCjHvDLd28Gopl4AaABAg","""..Putting a long screw in a small hole""
Love your humor, Jarrod üòÇ",1600,16,"@merrygamer236","b6991a53d2bdf39600f66be7d0ae0171","https://www.youtube.com/@merrygamer236","3 years ago (edited)","https://www.youtube.com/watch?v=lE-VKc2R9L4","lE-VKc2R9L4",,,,,,"UCte6WaMiRD5NIhx95k17RKw","2025-02-24T06:13:41.929Z","{""url"":""https://www.youtube.com/watch?v=lE-VKc2R9L4"",""num_of_comments"":100,""sort_by"":""Top comments""}"
"Ugy9uHOnLOmTvSKBPAZ4AaABAg","TIMESTAMPS
.
00:08 MISTAKE #1 - NOT CLEANING
00:33 MISTAKE #2 - LAPTOP PLACEMENT
00:56 MISTAKE #3 - GAMING ON BATTERY
01:31 MISTAKE #4 - NOT OPENIN WITH CARE
02:00 MISTAKE #5 - NOT UPDATING
03:01 MISTAKE #6 - NOT USING DUAL CHANNEL MEMORY
03:41 MISTAKE #7 - GAMING WITH OPTIMUS
04:40 MSITAKE #8 - BUYING NEW TOO OFTEN
05:43 EXTRA MISTAKE #8.5
06:09 MISTAKE #9 - PERFORMANCE TUNING
06:46 - MISTAKE #10 - BONUS",2400,23,"@bizkurt99","def33710504f468b3a561d85cd6099f4","https://www.youtube.com/@bizkurt99","3 years ago (edited)","https://www.youtube.com/watch?v=lE-VKc2R9L4","lE-VKc2R9L4",,,,,,"UCqmq8nwphP_QDQ2wzpTsjaA","2025-02-24T06:13:41.929Z","{""url"":""https://www.youtube.com/watch?v=lE-VKc2R9L4"",""num_of_comments"":100,""sort_by"":""Top comments""}"
"UgyKfzEtYeshwl5WuNZ4AaABAg","Warning : Don't drink water while watching 10th tip !",2000,16,"@CaffeinatedGamer","f7b0ea34063881fe6425c2631fbcaca6","https://www.youtube.com/@CaffeinatedGamer","3 years ago","https://www.youtube.com/watch?v=lE-VKc2R9L4","lE-VKc2R9L4",,,,,,"UC1XjCuRAiE22S6b1wMIakUA","2025-02-24T06:13:41.929Z","{""url"":""https://www.youtube.com/watch?v=lE-VKc2R9L4"",""num_of_comments"":100,""sort_by"":""Top comments""}"
"Ugwbeu-0NwIXO1_mekh4AaABAg","Tip 10 was definitely the most useful, thank you so much!",42,0,"@annabanana5047","3e40012f656ebd52ee31275085c35683","https://www.youtube.com/@annabanana5047","2 years ago","https://www.youtube.com/watch?v=lE-VKc2R9L4","lE-VKc2R9L4",,,,,,"UCKmXmDHNE3CxhWoaamZ5Daw","2025-02-24T06:13:41.929Z","{""url"":""https://www.youtube.com/watch?v=lE-VKc2R9L4"",""num_of_comments"":100,""sort_by"":""Top comments""}"
"UgyW0fnf-r94TDOpOnx4AaABAg","OMG #10 was life changing, how did i not think of it sooner! Thanks Jarrodüôèüèª",652,7,"@moshh7433","23cb5d48461f3a822c37154bf4d0fc0d","https://www.youtube.com/@moshh7433","3 years ago","https://www.youtube.com/watch?v=lE-VKc2R9L4","lE-VKc2R9L4",,,,,,"UCGGblSWi1fimg7u13MVxOQQ","2025-02-24T06:13:41.929Z","{""url"":""https://www.youtube.com/watch?v=lE-VKc2R9L4"",""num_of_comments"":100,""sort_by"":""Top comments""}"
"UgxH_RGQpe5Huw1PplF4AaABAg","This was my first time i got a gaming laptop, and I took so much care of it that when i took it to the repair person to give it a check up, he was shocked. It was super clean, didn't heat at all, and even having the latest updates installed.",803,21,"@hamzzzakkk","96602e1e4373ab6d6e91b29d65f5dc09","https://www.youtube.com/@hamzzzakkk","3 years ago","https://www.youtube.com/watch?v=lE-VKc2R9L4","lE-VKc2R9L4",,,,,,"UCEUVI3ZHvvPj8DPggycuskg","2025-02-24T06:13:41.929Z","{""url"":""https://www.youtube.com/watch?v=lE-VKc2R9L4"",""num_of_comments"":100,""sort_by"":""Top comments""}"
"UgxYSkut4Osor9GHnAp4AaABAg","I knew I wasn't doing sth right. #10 is definitely what I wanna do. So life-changing for me. Thanks Jarod.",96,0,"@arnoldkokonya","e22072aee608c25020277dd4d7808220","https://www.youtube.com/@arnoldkokonya","3 years ago","https://www.youtube.com/watch?v=lE-VKc2R9L4","lE-VKc2R9L4",,,,,,"UCqWzqCpcAKR22ZWFX_IUW3A","2025-02-24T06:13:41.929Z","{""url"":""https://www.youtube.com/watch?v=lE-VKc2R9L4"",""num_of_comments"":100,""sort_by"":""Top comments""}"
"Ugw92RX_ckoiNbD0G5p4AaABAg","11.  Check  the thermal paste on the CPU and GPU every 2 years or so.  I'd probably do this first before I tried undervolting to resolve heat issues.",42,0,"@dresdyn100","15ade888b2760049c4916f3225b6b172","https://www.youtube.com/@dresdyn100","1 year ago","https://www.youtube.com/watch?v=lE-VKc2R9L4","lE-VKc2R9L4",,,,,,"UC5jxCipNaEueokxscMcmPcw","2025-02-24T06:13:41.929Z","{""url"":""https://www.youtube.com/watch?v=lE-VKc2R9L4"",""num_of_comments"":100,""sort_by"":""Top comments""}"
"UgxBPAFCd053iDe1hfd4AaABAg","The 10th tip is insane! I managed to complete my steam library in minutes!",548,14,"@kurukan_2025","10069e640378e7f1585e9a313ed0f3e3","https://www.youtube.com/@kurukan_2025","3 years ago","https://www.youtube.com/watch?v=lE-VKc2R9L4","lE-VKc2R9L4",,,,,,"UCTolWbygjfHaywhjT9GB14A","2025-02-24T06:13:41.929Z","{""url"":""https://www.youtube.com/watch?v=lE-VKc2R9L4"",""num_of_comments"":100,""sort_by"":""Top comments""}"
"UgwT7bvFvPlzMx_4on14AaABAg","I can confirm tip #10 works on desktop PCs as well, tho it usually is a bit trickier to pull off and requires more user interaction, but it's overall worth it",942,10,"@ultraviolet2497","e62786f3fc8cfae5f8653440c7053a42","https://www.youtube.com/@ultraviolet2497","3 years ago","https://www.youtube.com/watch?v=lE-VKc2R9L4","lE-VKc2R9L4",,,,,,"UC8JooDN-L3kqJzRyIvKlyEA","2025-02-24T06:13:41.929Z","{""url"":""https://www.youtube.com/watch?v=lE-VKc2R9L4"",""num_of_comments"":100,""sort_by"":""Top comments""}"
"Ugz3sJxQdIwhMWmrwR14AaABAg","I found your tips very useful. Thank you! 
Especially no.10, how did I not think of that!?",10,0,"@zhieff","4fabee38de3454a2850dd5e10ac1a69d","https://www.youtube.com/@zhieff","1 year ago","https://www.youtube.com/watch?v=lE-VKc2R9L4","lE-VKc2R9L4",,,,,,"UC6-gQxVduXh3pv09TdV41OA","2025-02-24T06:13:41.929Z","{""url"":""https://www.youtube.com/watch?v=lE-VKc2R9L4"",""num_of_comments"":100,""sort_by"":""Top comments""}"
"UgzTDJ8pz1dkwd3NMeZ4AaABAg","Jarrod, I love the channel and content. I just got my first ever gaming laptop and I got the Legion 5 pro with Ryzen 7 5800, RTX3070 because of your channel and I absolutely love it! Thank you for all your hard work and giving us your knowledge on what you learn about each device. I wanted the intel version of the Legion but I bought mine new from Walmart for $1300 so I couldn‚Äôt pass it up. Thanks Again Sirüôèüèª‚úåüèª",136,10,"@kevinbryantsr.6443","815acae074696cab0b91bc44c0dd8478","https://www.youtube.com/@kevinbryantsr.6443","2 years ago","https://www.youtube.com/watch?v=lE-VKc2R9L4","lE-VKc2R9L4",,,,,,"UCA5jPqBGu3a5CiNfcOve4DA","2025-02-24T06:13:41.929Z","{""url"":""https://www.youtube.com/watch?v=lE-VKc2R9L4"",""num_of_comments"":100,""sort_by"":""Top comments""}"
"Ugx4EEODIDMncuytmP54AaABAg","for tip 2, I would say: put your laptop on a vertical stand. It reduces temps on cpu/gpu for 5+ degrees",1600,35,"@shendor1988","2648b4f8577796b35355e584ede3619d","https://www.youtube.com/@shendor1988","3 years ago","https://www.youtube.com/watch?v=lE-VKc2R9L4","lE-VKc2R9L4",,,,,,"UCB-T-XWmLkxBYLgU7rwu3Dg","2025-02-24T06:13:41.929Z","{""url"":""https://www.youtube.com/watch?v=lE-VKc2R9L4"",""num_of_comments"":100,""sort_by"":""Top comments""}"
"UgzoK7uQFAeIz5jgnRt4AaABAg","Never thought about changing my background from red to green, gave me 5x extra performance - you're the goat.",32,2,"@AyanS","38a404efee3f61034f0f4476d661fe0d","https://www.youtube.com/@AyanS","3 years ago","https://www.youtube.com/watch?v=lE-VKc2R9L4","lE-VKc2R9L4",,,,,,"UCqudZcU34ZWYWHlJiPaHQIA","2025-02-24T06:13:41.929Z","{""url"":""https://www.youtube.com/watch?v=lE-VKc2R9L4"",""num_of_comments"":100,""sort_by"":""Top comments""}"
"UgwRrmOW0CZi05_7ail4AaABAg","The troubleshoot of the 10th mistake changed my life! Thank you so much for these binge-worthy advices.",8,0,"@TheSnackThatStrikesBack","89f5304e4273d7e64447167055b56aa9","https://www.youtube.com/@TheSnackThatStrikesBack","1 year ago","https://www.youtube.com/watch?v=lE-VKc2R9L4","lE-VKc2R9L4",,,,,,"UCukFXfCRnixRVXACLwMd4QA","2025-02-24T06:13:41.929Z","{""url"":""https://www.youtube.com/watch?v=lE-VKc2R9L4"",""num_of_comments"":100,""sort_by"":""Top comments""}"
"UgxFYTLIlepDiAzUOE94AaABAg","1. Not cleaning 0:08
2. Laptop placement 0:34
3. Gaming on battery 0:56
4. Not opening with care 1:31
5. Not updating 2:01
6. Not using dual channel memory 3:01
7. Gaming with optimus (MUX switch offed if you have) 3:42
8. Buying new too often 4:39
8.5. BONUS 5:43
9. Performance tuning 6:09
10. PC Hack to boost  loading  6:48",58,2,"@ReviewMedic","16bca20a98187fab44d71bd22c648b59","https://www.youtube.com/@ReviewMedic","3 years ago","https://www.youtube.com/watch?v=lE-VKc2R9L4","lE-VKc2R9L4",,,,,,"UCfnEBImOyiSzw6c2aQfRjqg","2025-02-24T06:13:41.929Z","{""url"":""https://www.youtube.com/watch?v=lE-VKc2R9L4"",""num_of_comments"":100,""sort_by"":""Top comments""}"
"UgzUMzorEfQPllAHfht4AaABAg","5:50 Definitely still a family friendly channel :)",294,3,"@swastikgoomber","b6ca0c4e8002509199f0fc8b82d68d34","https://www.youtube.com/@swastikgoomber","3 years ago","https://www.youtube.com/watch?v=lE-VKc2R9L4","lE-VKc2R9L4",,,,,,"UC_V8vqLXbO6hTmNudrIOYfw","2025-02-24T06:13:41.929Z","{""url"":""https://www.youtube.com/watch?v=lE-VKc2R9L4"",""num_of_comments"":100,""sort_by"":""Top comments""}"
"UgxsnPT6jX3caQZ16wh4AaABAg","Thumbnail is really useful, red paint for your walls makes the pc feel angry and that only makes it hotter, but using green makes it feel a little more chilled out and will help with cooling",62,1,"@goodgoblin3169","6921fbd4c7285f2b4c0494f13444e9e0","https://www.youtube.com/@goodgoblin3169","3 years ago","https://www.youtube.com/watch?v=lE-VKc2R9L4","lE-VKc2R9L4",,,,,,"UCSELwp84Kp-qnsCxYkphnkQ","2025-02-24T06:13:41.929Z","{""url"":""https://www.youtube.com/watch?v=lE-VKc2R9L4"",""num_of_comments"":100,""sort_by"":""Top comments""}"
"UgwbHHoceAXYYIk3nOh4AaABAg","Thank you SO MUCH for that overclock tip. I made some small tweaks and now almost all lag when playing VR games off of my laptop is practically gone! Still not perfect but it‚Äôs a hell of a lot better.",36,0,"@jojosbread_owo","dcf73443bf61f19416eeeb408e2a2096","https://www.youtube.com/@jojosbread_owo","2 years ago (edited)","https://www.youtube.com/watch?v=lE-VKc2R9L4","lE-VKc2R9L4",,,,,,"UCsC0wtbUJoGJlbIsHSiutlg","2025-02-24T06:13:41.929Z","{""url"":""https://www.youtube.com/watch?v=lE-VKc2R9L4"",""num_of_comments"":100,""sort_by"":""Top comments""}"
"UgyJQQrketNllPM8tbl4AaABAg","5:50 killed meüòÇüòÇüòÇüòÇüòÇ",56,0,"@Aryan_hbz","ba2a2b977e02f6659759f50b3a5236ef","https://www.youtube.com/@Aryan_hbz","3 years ago","https://www.youtube.com/watch?v=lE-VKc2R9L4","lE-VKc2R9L4",,,,,,"UC5JS7eipLwTqHDvHtGgadYQ","2025-02-24T06:13:41.929Z","{""url"":""https://www.youtube.com/watch?v=lE-VKc2R9L4"",""num_of_comments"":100,""sort_by"":""Top comments""}"
"Ugx9vNiq-bcL3VcccUt4AaABAg","Tip #10 is amazing, such wow. Reversing the polarity of the power going into the laptop and then crossing the energy streams will give you an even faster overclock that you cannot possibly imagine! XD",167,2,"@TheDaNuker","f86e44cfd59576ef0e7f29c33470f10e","https://www.youtube.com/@TheDaNuker","3 years ago","https://www.youtube.com/watch?v=lE-VKc2R9L4","lE-VKc2R9L4",,,,,,"UCpdTyMyAhBqtaBE9lZsthjw","2025-02-24T06:13:41.929Z","{""url"":""https://www.youtube.com/watch?v=lE-VKc2R9L4"",""num_of_comments"":100,""sort_by"":""Top comments""}"
"UgzlQe8yVzDaTbBNxFV4AaABAg","One thing i would of suggested to have for a gaming laptop no matter the environment is using a cooling pad as that would help out a little more on the temps for the system as well as elevating it upwards if the person is using a dedicated keyboard and mouse.",419,18,"@EcksGamer","61ccd7046f389618e87fccb62a0409a0","https://www.youtube.com/@EcksGamer","2 years ago","https://www.youtube.com/watch?v=lE-VKc2R9L4","lE-VKc2R9L4",,,,,,"UCraKgpNelgKaM4AA5URKdGw","2025-02-24T06:13:41.929Z","{""url"":""https://www.youtube.com/watch?v=lE-VKc2R9L4"",""num_of_comments"":100,""sort_by"":""Top comments""}"
"UgyB5sNCWjI1Fx9-i254AaABAg","The last one helped me a lot, woukd have never think of that. Thanks. üòÇüòÖ",6,1,"@JackVac_joeblower","8d714c9a7157ff617e9fd2042e66861f","https://www.youtube.com/@JackVac_joeblower","1 year ago","https://www.youtube.com/watch?v=lE-VKc2R9L4","lE-VKc2R9L4",,,,,,"UCguGrHKskVxVZ5D0URQVoLQ","2025-02-24T06:13:41.929Z","{""url"":""https://www.youtube.com/watch?v=lE-VKc2R9L4"",""num_of_comments"":100,""sort_by"":""Top comments""}"
"Ugx_sdUUujT5bpjAYOJ4AaABAg","dr.jarrod with his angelic laptop advise",315,1,"@suhailmohamed883","b4df02904c60e3ae04083d47501d2741","https://www.youtube.com/@suhailmohamed883","3 years ago","https://www.youtube.com/watch?v=lE-VKc2R9L4","lE-VKc2R9L4",,,,,,"UCVAI8aKa_maU7O6KybZO1XA","2025-02-24T06:13:41.929Z","{""url"":""https://www.youtube.com/watch?v=lE-VKc2R9L4"",""num_of_comments"":100,""sort_by"":""Top comments""}"
"Ugw6_isyIHosZzcNBVV4AaABAg","Jarrod's laughing face after both ""important"" advices is the best thing",88,1,"@Exsanguine","3961a5412d5828d0efc3d00a454f8204","https://www.youtube.com/@Exsanguine","3 years ago","https://www.youtube.com/watch?v=lE-VKc2R9L4","lE-VKc2R9L4",,,,,,"UCC0kJLXOxf5sW0yJWb5xmFQ","2025-02-24T06:13:41.929Z","{""url"":""https://www.youtube.com/watch?v=lE-VKc2R9L4"",""num_of_comments"":100,""sort_by"":""Top comments""}"
"UgydtcIg4mjPjGDTRCp4AaABAg","Great tips, especially #10 :D 
Guys be careful with BIOS upgrades though. For example, Lenovo recently released an update which, if updated without resetting the BIOS first, will not let GPUs output picture on screen. So just stay on current BIOS unless absolutely necessary.",187,5,"@mrgndx","ffb8b2cac6f7216497ab2bc705d44acb","https://www.youtube.com/@mrgndx","3 years ago","https://www.youtube.com/watch?v=lE-VKc2R9L4","lE-VKc2R9L4",,,,,,"UCrLGE8Volga_TKrbRRL-e3Q","2025-02-24T06:13:41.929Z","{""url"":""https://www.youtube.com/watch?v=lE-VKc2R9L4"",""num_of_comments"":100,""sort_by"":""Top comments""}"
"Ugzv1cwBhd0byhZKF-F4AaABAg","Thank you for this video and helping out the people who have gaming laptops",3,0,"@Indian_goat391","a5b25c633a180975f53ee2711cd6847a","https://www.youtube.com/@Indian_goat391","1 year ago","https://www.youtube.com/watch?v=lE-VKc2R9L4","lE-VKc2R9L4",,,,,,"UCtaa_-dzVKJrl1qXtdOrPGQ","2025-02-24T06:13:41.929Z","{""url"":""https://www.youtube.com/watch?v=lE-VKc2R9L4"",""num_of_comments"":100,""sort_by"":""Top comments""}"
"Ugx8d6OOi9PF6AwiuXJ4AaABAg","I'm watching this on a Legion 5 I bought last April after listening to your advice. It's a significant upgrade compared to the laptop I've been using since 2014.",14,3,"@racermigs1","bdaec2217b03473e6bf707d13927fd14","https://www.youtube.com/@racermigs1","3 years ago (edited)","https://www.youtube.com/watch?v=lE-VKc2R9L4","lE-VKc2R9L4",,,,,,"UCMebDcqD8zLO1j604S1_mdA","2025-02-24T06:13:41.929Z","{""url"":""https://www.youtube.com/watch?v=lE-VKc2R9L4"",""num_of_comments"":100,""sort_by"":""Top comments""}"
"Ugz70nsZMHCOPCK6L394AaABAg","I'll be honest, I've never cleaned my laptops' fans even once in 20 years",224,18,"@mini9503","9f6ef0e22e9f4c39aedb9a84ba66ce6a","https://www.youtube.com/@mini9503","3 years ago (edited)","https://www.youtube.com/watch?v=lE-VKc2R9L4","lE-VKc2R9L4",,,,,,"UCte9IzhIAIhRpEuZx1xQ21Q","2025-02-24T06:13:41.929Z","{""url"":""https://www.youtube.com/watch?v=lE-VKc2R9L4"",""num_of_comments"":100,""sort_by"":""Top comments""}"
"Ugy8FeKEqnDeMS9hM-54AaABAg","6:57 Newton just got out of his graveüòÜ",164,2,"@missiontom3221","1cfc25d22c3a26a366d3425aed75f773","https://www.youtube.com/@missiontom3221","3 years ago","https://www.youtube.com/watch?v=lE-VKc2R9L4","lE-VKc2R9L4",,,,,,"UCkc5fYhm49gXfYFlaVdEu6w","2025-02-24T06:13:41.929Z","{""url"":""https://www.youtube.com/watch?v=lE-VKc2R9L4"",""num_of_comments"":100,""sort_by"":""Top comments""}"
"Ugx5W03o7E0Owvtjz9d4AaABAg","woooow thank you so much i tried out that bonus tip and it work like a charm ! been using it since last year and it never lets me down üôÇ",3,0,"@abdlh9736","96090c22b0fa8883bd929de4e8cb2537","https://www.youtube.com/@abdlh9736","1 year ago","https://www.youtube.com/watch?v=lE-VKc2R9L4","lE-VKc2R9L4",,,,,,"UC3YZQNaDvxbF6FC06tAz8QQ","2025-02-24T06:13:41.929Z","{""url"":""https://www.youtube.com/watch?v=lE-VKc2R9L4"",""num_of_comments"":100,""sort_by"":""Top comments""}"
"Ugzp0qaxR393HOWKpPB4AaABAg","""Yeah not falling for the bonus 10th tip""- my brain screaming while I'm eagerly waiting for the 10th tip",31,0,"@Saiyan476","97b6720899f0f55b5144834a735305dc","https://www.youtube.com/@Saiyan476","3 years ago","https://www.youtube.com/watch?v=lE-VKc2R9L4","lE-VKc2R9L4",,,,,,"UCVUMnJjrScIiNItkKxFdLeg","2025-02-24T06:13:41.929Z","{""url"":""https://www.youtube.com/watch?v=lE-VKc2R9L4"",""num_of_comments"":100,""sort_by"":""Top comments""}"
"UgxYGIluFHKnf7MbLst4AaABAg","I literally helped a friend purchase a laptop a few days ago, he's completely new to PC gaming, this is the perfect vid for him. Thanks.",7,2,"@5izzy557","303e6e2146f14f2809b27d794020ddf4","https://www.youtube.com/@5izzy557","3 years ago","https://www.youtube.com/watch?v=lE-VKc2R9L4","lE-VKc2R9L4",,,,,,"UCAkPopDwgkbTSxuSGsG2kow","2025-02-24T06:13:41.929Z","{""url"":""https://www.youtube.com/watch?v=lE-VKc2R9L4"",""num_of_comments"":100,""sort_by"":""Top comments""}"
"UgwxKjgck0bp9bh5Cy94AaABAg","I love straightforward and simple your tips and solutions are in the video without saying anything useless !!",9,0,"@maheshbibe3892","6d8df9f948f511326ed677d2bf649be8","https://www.youtube.com/@maheshbibe3892","3 years ago","https://www.youtube.com/watch?v=lE-VKc2R9L4","lE-VKc2R9L4",,,,,,"UCqEZV3IhOVId_ZpFzifdXew","2025-02-24T06:13:41.929Z","{""url"":""https://www.youtube.com/watch?v=lE-VKc2R9L4"",""num_of_comments"":100,""sort_by"":""Top comments""}"
"UgxbtcvqO-8XY568j9l4AaABAg","1:40 this is a really good tip, gaming laptops tend to break their hinges if you're too rough with the lid, just open it slowly and you won't have any issues.",4,0,"@erglwrgl","52fa05e0433eb9c40396b84f7dcc0a0b","https://www.youtube.com/@erglwrgl","2 years ago","https://www.youtube.com/watch?v=lE-VKc2R9L4","lE-VKc2R9L4",,,,,,"UC9gx5uJZ0VlyYb4_n90_c-Q","2025-02-24T06:13:41.929Z","{""url"":""https://www.youtube.com/watch?v=lE-VKc2R9L4"",""num_of_comments"":100,""sort_by"":""Top comments""}"
"UgySLo3AYH4QDRLvBSd4AaABAg","I can't agree more with mistake #8! 
My MSI GE73 Raider is now at least 3 years old, but I'm still playing the latest game decently.
GTX1070 & i7 8750h with undervolt for both, repaste over the year, work like a charm. 
If u give your laptop some love and care, u can keep it for some years.",12,0,"@xSwanyHD","091131bf3480db14dcd286d1f27437c3","https://www.youtube.com/@xSwanyHD","3 years ago","https://www.youtube.com/watch?v=lE-VKc2R9L4","lE-VKc2R9L4",,,,,,"UCDH28MB1t0vqPmBh1Ndjqgw","2025-02-24T06:13:41.929Z","{""url"":""https://www.youtube.com/watch?v=lE-VKc2R9L4"",""num_of_comments"":100,""sort_by"":""Top comments""}"
"Ugyo7AUlfoV0O5-13VV4AaABAg","Tried tip 10, instantly loaded the bar when I dropped the laptop off the nearest skyscraper! Saved about 10 seconds of loading, really worth it. Thanks Jarrod!",9,0,"@bonkba2563","a1a51827724f941f660e28377a2a800e","https://www.youtube.com/@bonkba2563","3 years ago","https://www.youtube.com/watch?v=lE-VKc2R9L4","lE-VKc2R9L4",,,,,,"UC8ZqtbAEPX_Yh-qVrWrVkHw","2025-02-24T06:13:41.929Z","{""url"":""https://www.youtube.com/watch?v=lE-VKc2R9L4"",""num_of_comments"":100,""sort_by"":""Top comments""}"
"UgwMmSIv0UN2wSvVi9F4AaABAg","0:07 #1 - Not Cleaning

0:32 #2 - Laptop Placement

0:55 #3 - Gaming on Battery

1:30 #4 - Not Opening With Care

2:00 #5 - Not Updating

3:00 #6 - Not Using Dual Channel Memory

3:41 #7 - Gaming With Optimus

4:39 #8 - Buying New Too Often

5:48 #8.5 Hunky Screw OBLITERATES Tiny Hole! (ZAMN!) üò±

6:08 #9 - Performance Tuning

6:45 #10 - Bonus Mistake",21,1,"@potatosmasher1072","b326ce64dc3d76531db2b089af802fef","https://www.youtube.com/@potatosmasher1072","3 years ago (edited)","https://www.youtube.com/watch?v=lE-VKc2R9L4","lE-VKc2R9L4",,,,,,"UCTX7NPNDc9_zLDDf4rEOolA","2025-02-24T06:13:41.929Z","{""url"":""https://www.youtube.com/watch?v=lE-VKc2R9L4"",""num_of_comments"":100,""sort_by"":""Top comments""}"
"Ugz1GBTS0VgSvXAZNlV4AaABAg","These are quite useful thank you!",2,0,"@kingslushie1018","9601026113cf93c37530eda1346d05dd","https://www.youtube.com/@kingslushie1018","1 year ago","https://www.youtube.com/watch?v=lE-VKc2R9L4","lE-VKc2R9L4",,,,,,"UCqI4h5hB8jzquyw_3jjGQjg","2025-02-24T06:13:41.929Z","{""url"":""https://www.youtube.com/watch?v=lE-VKc2R9L4"",""num_of_comments"":100,""sort_by"":""Top comments""}"
"UgzOSgILrXOUytUYMrx4AaABAg","#10 - Expecting desktop level GPU performance despite having the same model naming. 
#11 - Never budget enough to buy a good headphone to avoid the annoying loud fan noise from a gaming laptop.",22,0,"@fleurdewin7958","b7e129e8e3534387163998c0313433be","https://www.youtube.com/@fleurdewin7958","3 years ago","https://www.youtube.com/watch?v=lE-VKc2R9L4","lE-VKc2R9L4",,,,,,"UCx0J2i3r-1x1jTBg0wf3DDA","2025-02-24T06:13:41.929Z","{""url"":""https://www.youtube.com/watch?v=lE-VKc2R9L4"",""num_of_comments"":100,""sort_by"":""Top comments""}"
"UgyEpPljzoBiM5Ryqyh4AaABAg","The 10th tip is the best of the them all. I always forget to turn my laptop sideways while downloading stuff and the loading bar starts waiting for the elections. Thanks, your a life saver man :)",8,0,"@deviljinzeeshan","2f31ab41cf1c196de46b25ab42daf2ff","https://www.youtube.com/@deviljinzeeshan","2 years ago","https://www.youtube.com/watch?v=lE-VKc2R9L4","lE-VKc2R9L4",,,,,,"UCYSZhUhL-eo8Zinbw5kZ_BA","2025-02-24T06:13:41.929Z","{""url"":""https://www.youtube.com/watch?v=lE-VKc2R9L4"",""num_of_comments"":100,""sort_by"":""Top comments""}"
"UgzFb_h6yXjf0CvBmC94AaABAg","Side-note: buy an actual kit for taking your laptop apart. Get one with different screw sizes, a magnetic pad (for dropping screws on) and a wrist strap. Or buy all of these separately. Regardless, actually get proper tools to open up and upgrade your laptop before trying it.",64,0,"@Overquoted","a7b40263ece88c44e3ff4bea53005eef","https://www.youtube.com/@Overquoted","3 years ago","https://www.youtube.com/watch?v=lE-VKc2R9L4","lE-VKc2R9L4",,,,,,"UCJnIk92JgoqzKTM4Q19u-7g","2025-02-24T06:13:41.929Z","{""url"":""https://www.youtube.com/watch?v=lE-VKc2R9L4"",""num_of_comments"":100,""sort_by"":""Top comments""}"
"Ugy0I6ZAUKEVtKP-K014AaABAg","That last tip was so helpful! Thanks Jarrod my download speed is so much faster now on my laptop.",2,0,"@ArtGarfunkel1941","651e0dad5cd6723848e5431a29747821","https://www.youtube.com/@ArtGarfunkel1941","1 year ago","https://www.youtube.com/watch?v=lE-VKc2R9L4","lE-VKc2R9L4",,,,,,"UCNOgu66FnnK2Kj4k2ZW7k8A","2025-02-24T06:13:41.929Z","{""url"":""https://www.youtube.com/watch?v=lE-VKc2R9L4"",""num_of_comments"":100,""sort_by"":""Top comments""}"
"UgzM2spjBncVVyVff_d4AaABAg","This channel deserves all the credit in the world.Great work Jarrod Keep it up",29,0,"@amiamaira3636","9c57e75cff2fc7b6aac78df02bb55ed8","https://www.youtube.com/@amiamaira3636","3 years ago","https://www.youtube.com/watch?v=lE-VKc2R9L4","lE-VKc2R9L4",,,,,,"UCggzXAjnEmg1S0TPQ4eMLvA","2025-02-24T06:13:41.929Z","{""url"":""https://www.youtube.com/watch?v=lE-VKc2R9L4"",""num_of_comments"":100,""sort_by"":""Top comments""}"
"Ugwx9bjiOG2r0g6KkQx4AaABAg","Short upgrade tip
CPU: Upgrade ~ each 3 generations (like Coffee Lake -> Alder Lake)
GPU: Upgrade ~ each 2 generations (like 1060 -> 3060).
RAM: Anything ~3200+ MHz is fine 32GB total, your next step should be like +800 MHz (like 3200 -> 4000)

Its a rough estimate, since in case of GPU it could be reasonable to have 1060 -> 2070S upgrade as example because of RTX and nature of how GPU live recently.
But you can keep that in mind.",15,0,"@Dismellion","c174a917806b76c7eaab96340c52cc5d","https://www.youtube.com/@Dismellion","3 years ago (edited)","https://www.youtube.com/watch?v=lE-VKc2R9L4","lE-VKc2R9L4",,,,,,"UC4ZFhr2FhwgH52QTTqLA8xw","2025-02-24T06:13:41.929Z","{""url"":""https://www.youtube.com/watch?v=lE-VKc2R9L4"",""num_of_comments"":100,""sort_by"":""Top comments""}"
"Ugyq3mDrkhVgmzG28oJ4AaABAg","You mentioned we need to clean the laptop. But to do that wouldn't I need to remove the heat pipes ? I hear that you should NOT clean the laptop fans with compressed air. So all this is quite scary to me. I find it hard to even open the back cover and don't want to mess anything up",34,3,"@SF-li9kh","9aa52a6914f725726e09ea9634c6258f","https://www.youtube.com/@SF-li9kh","3 years ago","https://www.youtube.com/watch?v=lE-VKc2R9L4","lE-VKc2R9L4",,,,,,"UCOjIG6BBnbBtx5IUtENA16g","2025-02-24T06:13:41.929Z","{""url"":""https://www.youtube.com/watch?v=lE-VKc2R9L4"",""num_of_comments"":100,""sort_by"":""Top comments""}"
"Ugy6B0ghAcgScpajbf54AaABAg","I've had my gaming laptop for a bit over 4 years now and it is slowly starting to show it's age, but it does still run modern games really well.",12,0,"@itscriispy","cede99eb970f2f9d80c5990416e02eb2","https://www.youtube.com/@itscriispy","3 years ago","https://www.youtube.com/watch?v=lE-VKc2R9L4","lE-VKc2R9L4",,,,,,"UCqZG2DpjyoMg0hQ1gqM1kbQ","2025-02-24T06:13:41.929Z","{""url"":""https://www.youtube.com/watch?v=lE-VKc2R9L4"",""num_of_comments"":100,""sort_by"":""Top comments""}"
"UgykpN4Genfp4xwrLgt4AaABAg","I like the new editing style Jarrod, keep it up!",7,0,"@selestye1571","0b83c6099205658102e6d565d96542b8","https://www.youtube.com/@selestye1571","3 years ago","https://www.youtube.com/watch?v=lE-VKc2R9L4","lE-VKc2R9L4",,,,,,"UClDkEFG6Xw821bkidyy4g8w","2025-02-24T06:13:41.929Z","{""url"":""https://www.youtube.com/watch?v=lE-VKc2R9L4"",""num_of_comments"":100,""sort_by"":""Top comments""}"
"UgwhL0iOux_xlfcefYJ4AaABAg","Optimization and tuning is key with gaming laptops. There really is so many little things you can do to improve performance like disabling steam overlay(CPU went from 95-88 degrees), making sure all the different power settings in windows are set to performance, grab a laptop cooler for better airflow, and last but not least overclock you‚Äôre GPU because now adays GPU temps are much much lower in gaming laptops.
I no joke went from 55-65 FPS in Horizon Zero Dawn with a consistent 96 degrees on my CPU to 85-100 FPS and a max CPU temp now of like 88 degrees. Lower temps means you‚Äôre boost clocks can be maintained better from what I‚Äôve noticed",99,6,"@braukwood925","9159c9e7b6320cec3ef0a6ae5bc4f2f2","https://www.youtube.com/@braukwood925","2 years ago","https://www.youtube.com/watch?v=lE-VKc2R9L4","lE-VKc2R9L4",,,,,,"UCqqADNKaMx3tmJTtbaujwCA","2025-02-24T06:13:41.929Z","{""url"":""https://www.youtube.com/watch?v=lE-VKc2R9L4"",""num_of_comments"":100,""sort_by"":""Top comments""}"
"UgxV9PhGTmk8_pVnuap4AaABAg","Jarrod's Tech, my new favorite channel...",2,0,"@shaunmostert1585","bbb18d05d3d2dc35192cca29020b0f51","https://www.youtube.com/@shaunmostert1585","1 year ago","https://www.youtube.com/watch?v=lE-VKc2R9L4","lE-VKc2R9L4",,,,,,"UCTjLrmJ6ogFeju87u6c9Sbg","2025-02-24T06:13:41.929Z","{""url"":""https://www.youtube.com/watch?v=lE-VKc2R9L4"",""num_of_comments"":100,""sort_by"":""Top comments""}"
"Ugz3Wx0lswvzncC8NLZ4AaABAg","Now I can consider myself as an expert laptop user as I had known about all this mistakes from my own experience. Although, my laptop is not gaming at all, I managed to reach the best possible performance out of my poor Inspiron 5770. Thanks for the video!",18,2,"@ShokolotaTV","4c1668fb921fa59b0aa21f2ee78d3178","https://www.youtube.com/@ShokolotaTV","3 years ago (edited)","https://www.youtube.com/watch?v=lE-VKc2R9L4","lE-VKc2R9L4",,,,,,"UC1eu4YK7WxwSW0jcSNfd26w","2025-02-24T06:13:41.929Z","{""url"":""https://www.youtube.com/watch?v=lE-VKc2R9L4"",""num_of_comments"":100,""sort_by"":""Top comments""}"
"UgyMZSKQ5AKnqGoh_Ep4AaABAg","I thought the 10th tip was a joke until it actually worked. That‚Äôs so useful and I‚Äôm so happy I learnt about it.",9,0,"@robo_ghost8760","7418ab486f9263f36eac58846f67bc35","https://www.youtube.com/@robo_ghost8760","3 years ago (edited)","https://www.youtube.com/watch?v=lE-VKc2R9L4","lE-VKc2R9L4",,,,,,"UC7GmKflkmoUK0HybuzCeH9A","2025-02-24T06:13:41.929Z","{""url"":""https://www.youtube.com/watch?v=lE-VKc2R9L4"",""num_of_comments"":100,""sort_by"":""Top comments""}"
"UgxE_CAxfz6o88x9UWp4AaABAg","#10 actually works because more airflow means more performance.",27,0,"@MrVladko0","3d0e59461c949a2d42790292c1b50c75","https://www.youtube.com/@MrVladko0","3 years ago","https://www.youtube.com/watch?v=lE-VKc2R9L4","lE-VKc2R9L4",,,,,,"UCnj2jrnrvwFb0gujBpdxrCg","2025-02-24T06:13:41.929Z","{""url"":""https://www.youtube.com/watch?v=lE-VKc2R9L4"",""num_of_comments"":100,""sort_by"":""Top comments""}"
"Ugy4pzHAijEhngdOAWx4AaABAg","5:51 Sigh! Opens up the comments...",7,1,"@soleroplong8664","40e87b43c2ba9d0a0016377235fa071c","https://www.youtube.com/@soleroplong8664","2 months ago","https://www.youtube.com/watch?v=lE-VKc2R9L4","lE-VKc2R9L4",,,,,,"UCJlefk12VOaum8CxTg_EVOg","2025-02-24T06:13:41.929Z","{""url"":""https://www.youtube.com/watch?v=lE-VKc2R9L4"",""num_of_comments"":100,""sort_by"":""Top comments""}"
"UgyWY8JJS9wG53ICs454AaABAg","I experienced this a lot on my laptops before and the laptop I have now. Sometimes updating your gpu drivers can affect performance. I've had issues like sudden fps drops down to 10-20fps from time to time. I didn't seem to experience any of this before updating the graphics drivers",90,2,"@rielax04","946793d3285b72d0d2db11452f918da2","https://www.youtube.com/@rielax04","2 years ago (edited)","https://www.youtube.com/watch?v=lE-VKc2R9L4","lE-VKc2R9L4",,,,,,"UCvL9Z5VUZYp2EIuSvn6p_yw","2025-02-24T06:13:41.929Z","{""url"":""https://www.youtube.com/watch?v=lE-VKc2R9L4"",""num_of_comments"":100,""sort_by"":""Top comments""}"
"UgxjW5iO91Q_bsm6OO94AaABAg","#6 is so true. I have a Lenovo Ideapad Gaming 3 and it comes with an RTX 3060, an R5 5600H and a single 8GB DDR4 stick. Forza Horizon 5 struggled to run and hit 48 FPS average on medium in the benchmark.
Adding another 8GB made that shoot up to 100 FPS and I was able to use ultra settings at 60 FPS.",17,3,"@TR1PLE_6","d807a11f93582f7a0f1a95e8d3adf289","https://www.youtube.com/@TR1PLE_6","2 years ago (edited)","https://www.youtube.com/watch?v=lE-VKc2R9L4","lE-VKc2R9L4",,,,,,"UCpEAo8U-XXmL0s8CqeReoJg","2025-02-24T06:13:41.929Z","{""url"":""https://www.youtube.com/watch?v=lE-VKc2R9L4"",""num_of_comments"":100,""sort_by"":""Top comments""}"
"Ugzq6RABiYTC456rI8R4AaABAg","üòÇ your humor these days are killing Jarrod üôèkeep it up brother and thanks for guiding us the all and only laptop reviewer",8,0,"@amanojha4186","fc66d5438c407eacd4d7f75be127f6cc","https://www.youtube.com/@amanojha4186","3 years ago","https://www.youtube.com/watch?v=lE-VKc2R9L4","lE-VKc2R9L4",,,,,,"UC__iBPCllMVXMQ1yK-cMIqg","2025-02-24T06:13:41.929Z","{""url"":""https://www.youtube.com/watch?v=lE-VKc2R9L4"",""num_of_comments"":100,""sort_by"":""Top comments""}"
"UgxaKmXUicHDFGp1Iup4AaABAg","I'd recommend trying number 10. It really improved the loading of games",9,1,"@FrosteryGaming","43a46434ed0eb8596e54d8c9a18b496f","https://www.youtube.com/@FrosteryGaming","1 year ago","https://www.youtube.com/watch?v=lE-VKc2R9L4","lE-VKc2R9L4",,,,,,"UCQU3WsES6QJSqf8C0sTN95A","2025-02-24T06:13:41.929Z","{""url"":""https://www.youtube.com/watch?v=lE-VKc2R9L4"",""num_of_comments"":100,""sort_by"":""Top comments""}"
"UgwO4bw6oniqmZ-SzCZ4AaABAg","Tweaking for performance is definitely worth it. Oddly in my case I tuned mine down on the Medion Deputy P10 as the Intel Core series will automatically overclock then the CPU is at 100% & this caused thernals to constantly run at 100 celcius; simply by reducing the max CPU to 99% in power management prevented the overclocking and kept thermals to 75-80 celcius which will greatly increase lifespan & made no noticeable difference to game performance.",250,12,"@malvoleus","3f1b457dca7347dd8f651ea89f075543","https://www.youtube.com/@malvoleus","3 years ago","https://www.youtube.com/watch?v=lE-VKc2R9L4","lE-VKc2R9L4",,,,,,"UCRcNAAgMF90501pcVcRAa6g","2025-02-24T06:13:41.929Z","{""url"":""https://www.youtube.com/watch?v=lE-VKc2R9L4"",""num_of_comments"":100,""sort_by"":""Top comments""}"
"Ugz3LntR2nDFbylrbeR4AaABAg","Hey Jarood,
Loooong time lurker!. I recently got an Legion 5 with the same spec as your. Hoping to keep it for 3to4 years. This video was perfect.",12,0,"@tanushadithiya7136","a1dfd2cfe53ebcbd0da77cb1651590d2","https://www.youtube.com/@tanushadithiya7136","3 years ago","https://www.youtube.com/watch?v=lE-VKc2R9L4","lE-VKc2R9L4",,,,,,"UCp3Gf7xYdhzwSeDUD85Y_Ug","2025-02-24T06:13:41.929Z","{""url"":""https://www.youtube.com/watch?v=lE-VKc2R9L4"",""num_of_comments"":100,""sort_by"":""Top comments""}"
"UgxAej8rRX61uMqwvoN4AaABAg","8.5 was a bitter reminder for me. Since I didn't know how to open and upgrade mine, I had to go to a store for someone to do it (I also bought an SSD and Ram Stick while at it) and unfortunately, the guy who screwed either forgot the sizes or didn't bother to measure the screws. Now I have 4 bumps on my laptop. Such fun.",8,1,"@sayaya00","6f48d2f091a9fb4b08582b436aa97287","https://www.youtube.com/@sayaya00","3 years ago","https://www.youtube.com/watch?v=lE-VKc2R9L4","lE-VKc2R9L4",,,,,,"UCF3WXKTt3TOzoZ43V82OJfw","2025-02-24T06:13:41.929Z","{""url"":""https://www.youtube.com/watch?v=lE-VKc2R9L4"",""num_of_comments"":100,""sort_by"":""Top comments""}"
"UgzQnWYzhAC_95tHNGd4AaABAg","Did these things since i got my laptop, its around 6 years now and still going well üí™",2,0,"@abbys5829","0d670a368a6167a8e7a2dc6264e3866f","https://www.youtube.com/@abbys5829","3 months ago","https://www.youtube.com/watch?v=lE-VKc2R9L4","lE-VKc2R9L4",,,,,,"UCe_nRbw6YvZ45OB2qLyc89w","2025-02-24T06:13:41.929Z","{""url"":""https://www.youtube.com/watch?v=lE-VKc2R9L4"",""num_of_comments"":100,""sort_by"":""Top comments""}"
"UgxSimsK5vJ2D7lSlBR4AaABAg","5:24 BEST ADVICE YOU COULD EVER HAD! thx JARROD! better than linus direct to the point.",19,1,"@ZhierOrreih","50ff4f267609ae5020ff6c1560bd8454","https://www.youtube.com/@ZhierOrreih","3 years ago","https://www.youtube.com/watch?v=lE-VKc2R9L4","lE-VKc2R9L4",,,,,,"UCqEiNtf1RsXQ7YXg9KDWBPA","2025-02-24T06:13:41.929Z","{""url"":""https://www.youtube.com/watch?v=lE-VKc2R9L4"",""num_of_comments"":100,""sort_by"":""Top comments""}"
"Ugw6k3UrJ15X0G2xpTZ4AaABAg","I do actually keep my laptop plugged in regularly when I use it and have an extension cord I carry around with the plug when I need to be on the go. I‚Äôm also surprised I don‚Äôt make nearly as many of these mistakes given I‚Äôm new to having a gaming laptop ‚Äî only been a few months now.",19,5,"@NordicCarved","32df4efe56c9c2028c249bed44cf26ba","https://www.youtube.com/@NordicCarved","2 years ago (edited)","https://www.youtube.com/watch?v=lE-VKc2R9L4","lE-VKc2R9L4",,,,,,"UCyyDMcYxe4dqJB_ySzJEKNw","2025-02-24T06:13:41.929Z","{""url"":""https://www.youtube.com/watch?v=lE-VKc2R9L4"",""num_of_comments"":100,""sort_by"":""Top comments""}"
"UgyNNNgt1Hi_hQuVAup4AaABAg","regarding updates (although not common) some updates do mess things up whether it be windows or gpu drivers etc, hence why i keep them disabled, i update after making sure they are stable and good updates without any side affects. (p.s for people with slow internet it would really such if you're playing a competitive game and updates happen ruin your ping and result in you raging)",47,1,"@microRiZu","992bf1f876a0c16453a85f41c702637f","https://www.youtube.com/@microRiZu","3 years ago","https://www.youtube.com/watch?v=lE-VKc2R9L4","lE-VKc2R9L4",,,,,,"UCzs3cNBploPzqcK7FxC8Hsg","2025-02-24T06:13:41.929Z","{""url"":""https://www.youtube.com/watch?v=lE-VKc2R9L4"",""num_of_comments"":100,""sort_by"":""Top comments""}"
"UgyuhUSzlL8tUohPi094AaABAg","Jarrod is very well trying to control his laugh after showing the 10th bonus mistake üòÇ",4,0,"@VxYxR.","6ccb0b193f5a658acf308a1b89e80b79","https://www.youtube.com/@VxYxR.","1 year ago","https://www.youtube.com/watch?v=lE-VKc2R9L4","lE-VKc2R9L4",,,,,,"UCCOkedbib4dAmaHFE28xqMw","2025-02-24T06:13:41.929Z","{""url"":""https://www.youtube.com/watch?v=lE-VKc2R9L4"",""num_of_comments"":100,""sort_by"":""Top comments""}"
"UgwaThJKB8to4jYn9pN4AaABAg","My laptop is from 2012 and I still run it daily.
Upgraded the ram, replaced the DVD reader with an SSD, overclocked the GPU and upgraded the CPU (yes it's that old).
And it still runs...fine. Obviously I can't run the latest AAAs but gaming really isn't my priority anymore. 
What I learned though is that I'm gonna invest quite a bit in my next laptop. I've spent well over a year of my life staring at that screen, probably even two, so my next laptop better have a fantastic screen.",17,2,"@castortoutnu","4d7b6ecda3bcaf26c77c3be5aec7ee22","https://www.youtube.com/@castortoutnu","3 years ago","https://www.youtube.com/watch?v=lE-VKc2R9L4","lE-VKc2R9L4",,,,,,"UCdMAF3K96U6A1z_s3Ok5GNg","2025-02-24T06:13:41.929Z","{""url"":""https://www.youtube.com/watch?v=lE-VKc2R9L4"",""num_of_comments"":100,""sort_by"":""Top comments""}"
"UgzZ2mB1NC3f6IWLhYB4AaABAg","Mistake 11: pay a fortune for a macbook believing its gpu is as powerful as the 3080.",45,2,"@khoidang74","93d95a09b986bc04671faa9ce0d4e1b6","https://www.youtube.com/@khoidang74","3 years ago","https://www.youtube.com/watch?v=lE-VKc2R9L4","lE-VKc2R9L4",,,,,,"UC-S_oLe3suVuHrtMliAbmoA","2025-02-24T06:13:41.929Z","{""url"":""https://www.youtube.com/watch?v=lE-VKc2R9L4"",""num_of_comments"":100,""sort_by"":""Top comments""}"
"UgwpjsCSycOcdSXdBWp4AaABAg","Thanks so much for this video, Jarrod. Thankfully, I've avoided all of those mistakes because, coming from Latin America, I've learned to take extra care of my equipment due to the high pricing.",13,0,"@aaron90omar","01a83937924c4dfcbb0ca3bf2c06047d","https://www.youtube.com/@aaron90omar","3 years ago","https://www.youtube.com/watch?v=lE-VKc2R9L4","lE-VKc2R9L4",,,,,,"UC-V6wdALfY_S621bmos3yBg","2025-02-24T06:13:41.929Z","{""url"":""https://www.youtube.com/watch?v=lE-VKc2R9L4"",""num_of_comments"":100,""sort_by"":""Top comments""}"
"UgzZAA4JvvxOrHNXMpV4AaABAg","your consistency in producing quality content is admirable!",1,0,"@Galunamkao","ca0ed9d51246f258c033b6b6bfb86e9b","https://www.youtube.com/@Galunamkao","7 months ago","https://www.youtube.com/watch?v=lE-VKc2R9L4","lE-VKc2R9L4",,,,,,"UCfAX7VoRKR0IvKANWFqPcnA","2025-02-24T06:13:41.929Z","{""url"":""https://www.youtube.com/watch?v=lE-VKc2R9L4"",""num_of_comments"":100,""sort_by"":""Top comments""}"
"UgyGnWLl0oXsG_q5srJ4AaABAg","It took me years of laptops to be experienced enough to not make any of those anymore. Wish I had channels like yours, my dude when I was buying those laptops and it could've saved me some cash lol.",15,0,"@NickJaime","a26e8b8ecd353fb7d6ea5ee72a317604","https://www.youtube.com/@NickJaime","3 years ago","https://www.youtube.com/watch?v=lE-VKc2R9L4","lE-VKc2R9L4",,,,,,"UChQi-aImRwFIRKd7hxBMVgg","2025-02-24T06:13:41.929Z","{""url"":""https://www.youtube.com/watch?v=lE-VKc2R9L4"",""num_of_comments"":100,""sort_by"":""Top comments""}"
"UgxZM31jHAJFgrNJfnJ4AaABAg","On the subject of laptop placement - elevating the laptop partially with a few bottle tops or even going for elevated stands would also help greatly with the cooling efficiency.",70,5,"@Waikowhai1","452a8bff2c40127af38d308f29187753","https://www.youtube.com/@Waikowhai1","3 years ago","https://www.youtube.com/watch?v=lE-VKc2R9L4","lE-VKc2R9L4",,,,,,"UCv9RQxzIp_YHaZDabzcRZyA","2025-02-24T06:13:41.929Z","{""url"":""https://www.youtube.com/watch?v=lE-VKc2R9L4"",""num_of_comments"":100,""sort_by"":""Top comments""}"
"Ugx3ofb_CW_Bih7nK1B4AaABAg","Actually if you put your laptop the other way around with hinges open (make a ^ shape) while it is connected to a external monitor and M&K it will help substantially with the cooling!",8,0,"@Alirezarz62","40f8aaf58f56b08b66fb2752f3547fac","https://www.youtube.com/@Alirezarz62","3 years ago","https://www.youtube.com/watch?v=lE-VKc2R9L4","lE-VKc2R9L4",,,,,,"UCpilIb-7TvPTAxoXAOdtoAw","2025-02-24T06:13:41.929Z","{""url"":""https://www.youtube.com/watch?v=lE-VKc2R9L4"",""num_of_comments"":100,""sort_by"":""Top comments""}"
"Ugyme3rYOFZYAPEJg7x4AaABAg","thanks for the help dude!",1,0,"@freazeyplayz7290","cf2408827f57d15d4ebe48407ea68705","https://www.youtube.com/@freazeyplayz7290","1 year ago","https://www.youtube.com/watch?v=lE-VKc2R9L4","lE-VKc2R9L4",,,,,,"UCqDLanB4mvV9zEEF_7Hfuzg","2025-02-24T06:13:41.929Z","{""url"":""https://www.youtube.com/watch?v=lE-VKc2R9L4"",""num_of_comments"":100,""sort_by"":""Top comments""}"
"UgxRMyh9R3a6tToHxeV4AaABAg","6:57 Jarrod be trying his best to control his laughter lmao




but tbh these tricks helped me run a few AAA titles on a 10 year old potato man , very helpful",19,3,"@crimson7675_","e67a5df4cff6c86b14efafcaf1259800","https://www.youtube.com/@crimson7675_","3 years ago","https://www.youtube.com/watch?v=lE-VKc2R9L4","lE-VKc2R9L4",,,,,,"UCHrI1d29Xg_YXRehKfGbQmQ","2025-02-24T06:13:41.929Z","{""url"":""https://www.youtube.com/watch?v=lE-VKc2R9L4"",""num_of_comments"":100,""sort_by"":""Top comments""}"
"Ugwi7-e81gNsXd9WxAN4AaABAg","FUN FACT:
On an Asus laptop with Armoury Crate installed, switching it to Turbo mode overclocks the laptop.

It shows the overclock in MSI Afterburner.",7,5,"@polardabear","85cff9253729c7c71fa1ab61c5f65b1e","https://www.youtube.com/@polardabear","3 years ago","https://www.youtube.com/watch?v=lE-VKc2R9L4","lE-VKc2R9L4",,,,,,"UCirymRB2gQXoAjuZm1UGOFw","2025-02-24T06:13:41.929Z","{""url"":""https://www.youtube.com/watch?v=lE-VKc2R9L4"",""num_of_comments"":100,""sort_by"":""Top comments""}"
"Ugz2UQJH5vTENhggNlN4AaABAg","I tried number 10, it's super awesome, can't believe I didn't think of it sooner",6,0,"@onyi9046","6c86ca96fc7e9a0db1fc9053ee21da30","https://www.youtube.com/@onyi9046","2 years ago","https://www.youtube.com/watch?v=lE-VKc2R9L4","lE-VKc2R9L4",,,,,,"UCStmECB532cz1OuCDGbNYjg","2025-02-24T06:13:41.929Z","{""url"":""https://www.youtube.com/watch?v=lE-VKc2R9L4"",""num_of_comments"":100,""sort_by"":""Top comments""}"
"UgwGBtD3X52C41vQZDV4AaABAg","Thanks for the bonus tip Jarrod! Made my day :D",1,0,"@Andrew6000","3fab3132abeb5687029d368126daceb2","https://www.youtube.com/@Andrew6000","2 years ago","https://www.youtube.com/watch?v=lE-VKc2R9L4","lE-VKc2R9L4",,,,,,"UCifeoHcIAVQ9pbHgazCm-Ng","2025-02-24T06:13:41.929Z","{""url"":""https://www.youtube.com/watch?v=lE-VKc2R9L4"",""num_of_comments"":100,""sort_by"":""Top comments""}"
"Ugyny7EKnkNyX-H7JP94AaABAg","Good to see that I am committing exactly zero of these mistakes. Putting a laptop on its side can help with airflow when it‚Äôs doing a long task requiring a lot of computation.",10,1,"@OcteractSG","0726684ed763d10eda99e2672a3a88a0","https://www.youtube.com/@OcteractSG","3 years ago","https://www.youtube.com/watch?v=lE-VKc2R9L4","lE-VKc2R9L4",,,,,,"UCdb6hENk65hgKicWeWGEjUA","2025-02-24T06:13:41.929Z","{""url"":""https://www.youtube.com/watch?v=lE-VKc2R9L4"",""num_of_comments"":100,""sort_by"":""Top comments""}"
"UgxxpQtngSWLXpV6COV4AaABAg","Thanks Jarrod. I tried the bonus 10. It was really THE most frustrating mistake I was doing. Now my CS:GO got downloaded even before I opened my laptop due to gravity assist! Thanks!",10,1,"@johnmctavish1021","9fde19cc6e607a9dd144c163b0509680","https://www.youtube.com/@johnmctavish1021","3 years ago (edited)","https://www.youtube.com/watch?v=lE-VKc2R9L4","lE-VKc2R9L4",,,,,,"UCiOoJNQH8_tFkE_UKX3iCuw","2025-02-24T06:13:41.929Z","{""url"":""https://www.youtube.com/watch?v=lE-VKc2R9L4"",""num_of_comments"":100,""sort_by"":""Top comments""}"
"UgwCeNrUffBg4fpUR1B4AaABAg","Here's mine: don't use your gaming laptop's lid closed when connecting to an external monitor for extended periods of time (while gaming). Your battery is very likely to bulge or even explode. I have  changed my battery 3 times already.",12,8,"@5inque_wu","ab37354c10b66c2d16678f1b2fbb248c","https://www.youtube.com/@5inque_wu","3 years ago","https://www.youtube.com/watch?v=lE-VKc2R9L4","lE-VKc2R9L4",,,,,,"UCc0XTKFtZjHl_UI4ykX49qA","2025-02-24T06:13:41.929Z","{""url"":""https://www.youtube.com/watch?v=lE-VKc2R9L4"",""num_of_comments"":100,""sort_by"":""Top comments""}"
"UgyAr_vFFa6c6MlMS8N4AaABAg","Thank you very much, I haven't owned a gaming pc/laptop for years and just got one recently, so this video together with other videos keeps me up to date. I appricate the help and effort you put into making this video and you definitly earned yourself a new subscriber, keep it cool ^^",1,1,"@GurreG","08ffcef90e2134ad46ce06c5d085a4b7","https://www.youtube.com/@GurreG","1 year ago","https://www.youtube.com/watch?v=lE-VKc2R9L4","lE-VKc2R9L4",,,,,,"UC3Wy-0_zCN1MFFlwJPf_O4w","2025-02-24T06:13:41.929Z","{""url"":""https://www.youtube.com/watch?v=lE-VKc2R9L4"",""num_of_comments"":100,""sort_by"":""Top comments""}"
"UgzC7QpqJGQzw77-UpJ4AaABAg","Mistake #11 Keeping the CPU at stock, always apply an adaptative undervolt (not available on AMD for some reason).",7,0,"@saricubra2867","2af1c1ef68c20bfe046d3a4fa7f53fdd","https://www.youtube.com/@saricubra2867","3 years ago (edited)","https://www.youtube.com/watch?v=lE-VKc2R9L4","lE-VKc2R9L4",,,,,,"UCilzcmceTh3_oaXIK5vCdMA","2025-02-24T06:13:41.929Z","{""url"":""https://www.youtube.com/watch?v=lE-VKc2R9L4"",""num_of_comments"":100,""sort_by"":""Top comments""}"
"UgzfD65T99HwK3TY7114AaABAg","Tbh I treat my 7i like a baby and I have no regrets haha one hinge break was enough to change my ways. Thanks for the great vid Jarred!",6,1,"@l0pkast","c0a256147e21f7d090c82538752a4e61","https://www.youtube.com/@l0pkast","3 years ago","https://www.youtube.com/watch?v=lE-VKc2R9L4","lE-VKc2R9L4",,,,,,"UCXyLCsitU1Yu-MYZcvgeuoQ","2025-02-24T06:13:41.929Z","{""url"":""https://www.youtube.com/watch?v=lE-VKc2R9L4"",""num_of_comments"":100,""sort_by"":""Top comments""}"
"UgymF0S7E3XU2dAqij54AaABAg","#10 totally worth it. Also, I hate it when you try to put a long screw in a short hole LOL",8,0,"@bfish9700","abfb362b5718b26a5a8cc0bb678ca0a1","https://www.youtube.com/@bfish9700","3 years ago","https://www.youtube.com/watch?v=lE-VKc2R9L4","lE-VKc2R9L4",,,,,,"UC6M-fWM0eoRcWKiMccO4wpw","2025-02-24T06:13:41.929Z","{""url"":""https://www.youtube.com/watch?v=lE-VKc2R9L4"",""num_of_comments"":100,""sort_by"":""Top comments""}"
"Ugxy637C9IOQt0aQApd4AaABAg","your content never ceases to amaze me, fantastic work!",1,0,"@Docternes","a3d5a4abc3e31a595d61d82bdada8820","https://www.youtube.com/@Docternes","7 months ago","https://www.youtube.com/watch?v=lE-VKc2R9L4","lE-VKc2R9L4",,,,,,"UCXgRYANMiifvAyQJKDQElOA","2025-02-24T06:13:41.929Z","{""url"":""https://www.youtube.com/watch?v=lE-VKc2R9L4"",""num_of_comments"":100,""sort_by"":""Top comments""}"
"Ugz7RhuhVZCiUnk6XK54AaABAg","Pro tip: when tilting your laptop for better premiere export speeds, remember to set it back straight after the first pass or the bar will get stuck at 100% for VBR 2 pass. I just encountered this issue yesterday. You would think Adobe would fix it, smh.",18,1,"@J.Valmaggia","2f5fc7ef2958c3fe0147dbd3f8fb6cc9","https://www.youtube.com/@J.Valmaggia","3 years ago","https://www.youtube.com/watch?v=lE-VKc2R9L4","lE-VKc2R9L4",,,,,,"UCCxicGVMad9yNb2kq-R90-g","2025-02-24T06:13:41.929Z","{""url"":""https://www.youtube.com/watch?v=lE-VKc2R9L4"",""num_of_comments"":100,""sort_by"":""Top comments""}"
"Ugxu1mapy4DWJHdeTQt4AaABAg","@Jarrod'sTech on your 10th bonus tip, I spilled out my tea. Now! you gonna pay for it! XD",5,1,"@VedvikGyan","212a435ecc8ddabbf6b0c53c30c6d08b","https://www.youtube.com/@VedvikGyan","3 years ago (edited)","https://www.youtube.com/watch?v=lE-VKc2R9L4","lE-VKc2R9L4",,,,,,"UCmVJEMceJnFS8o45maDKsuw","2025-02-24T06:13:41.929Z","{""url"":""https://www.youtube.com/watch?v=lE-VKc2R9L4"",""num_of_comments"":100,""sort_by"":""Top comments""}"
"UgymL7xrZEQRXfChG_d4AaABAg","Watch out for new graphic drivers update as I downloaded the latest version and had massive problems. I actually had to go back and install older versions and it is working perfectly now.",12,0,"@micharodzik4310","0fbb62be3044d21f8aac3e182277f2d8","https://www.youtube.com/@micharodzik4310","2 years ago","https://www.youtube.com/watch?v=lE-VKc2R9L4","lE-VKc2R9L4",,,,,,"UCNG-wcOtcK9WZ5Z94mrXN-Q","2025-02-24T06:13:41.929Z","{""url"":""https://www.youtube.com/watch?v=lE-VKc2R9L4"",""num_of_comments"":100,""sort_by"":""Top comments""}"
"UgyD6sLrwidfXY8DEn94AaABAg","the last one helped a lot, thanks jarrod!",1,1,"@hexonictheverymediocre","69d7b0015b4bfaf33a4ca4cee1b326ee","https://www.youtube.com/@hexonictheverymediocre","2 years ago","https://www.youtube.com/watch?v=lE-VKc2R9L4","lE-VKc2R9L4",,,,,,"UCW8_t8Mi0yr0P0-X_z6dQhw","2025-02-24T06:13:41.929Z","{""url"":""https://www.youtube.com/watch?v=lE-VKc2R9L4"",""num_of_comments"":100,""sort_by"":""Top comments""}"
"UgxqUDAgXK3QD3X_REh4AaABAg","Really happy to see the Legion laptop being featured as a legion owner. Loving it!",12,0,"@LYShowtime","0b007c75dabe11fa82ef43223f8852ab","https://www.youtube.com/@LYShowtime","3 years ago","https://www.youtube.com/watch?v=lE-VKc2R9L4","lE-VKc2R9L4",,,,,,"UCJ4rG9VfkdtO2aWyqDRW0yg","2025-02-24T06:13:41.929Z","{""url"":""https://www.youtube.com/watch?v=lE-VKc2R9L4"",""num_of_comments"":100,""sort_by"":""Top comments""}"
